Scenario,Population (M),GDP ($B),GDP/Capita ($),Oil Share (%),Tourism Share (%),Urban (%),Renewable GW,Probability
Baseline (Current Trends),57.882011030158765,2389.5031244385777,41282.31002881973,20,15,92,44.0,0.3
Vision 2030 Achievement,64.09507711901756,3939.6853382423487,61466.27034907506,12,20,95,109.0,0.35
Accelerated Transformation,69.17065430839946,6434.5470408241035,93024.23267727785,8,25,98,161.0,0.15
Conservative (Slower Transition),49.63576374449151,1854.1472707042599,37355.066807248026,28,10,90,25.8,0.2
