Scenario,Population (M),GDP ($B),GDP/Capita ($),Oil Share (%),Tourism Share (%),Urban (%),Renewable GW,Probability
Baseline (Current Trends),40.5124074268157,1323.009944554132,32656.90756453082,33.2,8.0,87.8,14.0,0.3
Vision 2030 Achievement,41.47694477745626,1484.8259698125005,35798.826981575075,29.0,11.0,88.4,29.0,0.35
Accelerated Transformation,42.21284042294919,1662.8092298486927,39391.07658210792,26.0,12.2,89.0,41.0,0.15
Conservative (Slower Transition),39.1006933603096,1247.787960544512,31912.169665285757,35.0,6.8,87.2,9.8,0.2
